Ale kommun,Västra Götalands län
Alingsås kommun,Västra Götalands län
Alvesta kommun,Kronobergs län
Aneby kommun,Jönköpings län
Arboga kommun,Västmanlands län
Arjeplogs kommun,Norrbottens län
Arvidsjaurs kommun,Norrbottens län
Arvika kommun,Värmlands län
Askersunds kommun,Örebro län
Avesta kommun,Dalarnas län
Bengtsfors kommun,Västra Götalands län
Bergs kommun,Jämtlands län
Bjurholms kommun,Västerbottens län
Bjuvs kommun,Skåne län
Bodens kommun,Norrbottens län
Bollebygds kommun,Västra Götalands län
Bollnäs kommun,Gävleborgs län
Borgholms kommun,Kalmar län
Borlänge kommun,Dalarnas län
Borås kommun,Västra Götalands län
Botkyrka kommun,Stockholms län
Boxholms kommun,Östergötlands län
Bromölla kommun,Skåne län
Bräcke kommun,Jämtlands län
Burlövs kommun,Skåne län
Båstads kommun,Skåne län
Dals-Eds kommun,Västra Götalands län
Danderyds kommun,Stockholms län
Degerfors kommun,Örebro län
Dorotea kommun,Västerbottens län
Eda kommun,Värmlands län
Ekerö kommun,Stockholms län
Eksjö kommun,Jönköpings län
Emmaboda kommun,Kalmar län
Enköpings kommun,Uppsala län
Eskilstuna kommun,Södermanlands län
Eslövs kommun,Skåne län
Essunga kommun,Västra Götalands län
Fagersta kommun,Västmanlands län
Falkenbergs kommun,Hallands län
Falköpings kommun,Västra Götalands län
Falu kommun,Dalarnas län
Filipstads kommun,Värmlands län
Finspångs kommun,Östergötlands län
Flens kommun,Södermanlands län
Forshaga kommun,Värmlands län
Färgelanda kommun,Västra Götalands län
Gagnefs kommun,Dalarnas län
Gislaveds kommun,Jönköpings län
Gnesta kommun,Södermanlands län
Gnosjö kommun,Jönköpings län
Gotlands kommun,Gotlands län
Grums kommun,Värmlands län
Grästorps kommun,Västra Götalands län
Gullspångs kommun,Västra Götalands län
Gällivare kommun,Norrbottens län
Gävle kommun,Gävleborgs län
Göteborgs kommun,Västra Götalands län
Götene kommun,Västra Götalands län
Habo kommun,Jönköpings län
Hagfors kommun,Värmlands län
Hallsbergs kommun,Örebro län
Hallstahammars kommun,Västmanlands län
Halmstads kommun,Hallands län
Hammarö kommun,Värmlands län
Haninge kommun,Stockholms län
Haparanda kommun,Norrbottens län
Heby kommun,Uppsala län
Hedemora kommun,Dalarnas län
Helsingborgs kommun,Skåne län
Herrljunga kommun,Västra Götalands län
Hjo kommun,Västra Götalands län
Hofors kommun,Gävleborgs län
Huddinge kommun,Stockholms län
Hudiksvalls kommun,Gävleborgs län
Hultsfreds kommun,Kalmar län
Hylte kommun,Hallands län
Håbo kommun,Uppsala län
Hällefors kommun,Örebro län
Härjedalens kommun,Jämtlands län
Härnösands kommun,Västernorrlands län
Härryda kommun,Västra Götalands län
Hässleholms kommun,Skåne län
Höganäs kommun,Skåne län
Högsby kommun,Kalmar län
Hörby kommun,Skåne län
Höörs kommun,Skåne län
Jokkmokks kommun,Norrbottens län
Järfälla kommun,Stockholms län
Jönköpings kommun,Jönköpings län
Kalix kommun,Norrbottens län
Kalmar kommun,Kalmar län
Karlsborgs kommun,Västra Götalands län
Karlshamns kommun,Blekinge län
Karlskoga kommun,Örebro län
Karlskrona kommun,Blekinge län
Karlstads kommun,Värmlands län
Katrineholms kommun,Södermanlands län
Kils kommun,Värmlands län
Kinda kommun,Östergötlands län
Kiruna kommun,Norrbottens län
Klippans kommun,Skåne län
Knivsta kommun,Uppsala län
Kramfors kommun,Västernorrlands län
Kristianstads kommun,Skåne län
Kristinehamns kommun,Värmlands län
Krokoms kommun,Jämtlands län
Kumla kommun,Örebro län
Kungsbacka kommun,Hallands län
Kungsörs kommun,Västmanlands län
Kungälvs kommun,Västra Götalands län
Kävlinge kommun,Skåne län
Köpings kommun,Västmanlands län
Laholms kommun,Hallands län
Landskrona kommun,Skåne län
Laxå kommun,Örebro län
Lekebergs kommun,Örebro län
Leksands kommun,Dalarnas län
Lerums kommun,Västra Götalands län
Lessebo kommun,Kronobergs län
Lidingö kommun,Stockholms län
Lidköpings kommun,Västra Götalands län
Lilla Edets kommun,Västra Götalands län
Lindesbergs kommun,Örebro län
Linköpings kommun,Östergötlands län
Ljungby kommun,Kronobergs län
Ljusdals kommun,Gävleborgs län
Ljusnarsbergs kommun,Örebro län
Lomma kommun,Skåne län
Ludvika kommun,Dalarnas län
Luleå kommun,Norrbottens län
Lunds kommun,Skåne län
Lycksele kommun,Västerbottens län
Lysekils kommun,Västra Götalands län
Malmö kommun,Skåne län
Malung-Sälens kommun,Dalarnas län
Malå kommun,Västerbottens län
Mariestads kommun,Västra Götalands län
Marks kommun,Västra Götalands län
Markaryds kommun,Kronobergs län
Melleruds kommun,Västra Götalands län
Mjölby kommun,Östergötlands län
Mora kommun,Dalarnas län
Motala kommun,Östergötlands län
Mullsjö kommun,Jönköpings län
Munkedals kommun,Västra Götalands län
Munkfors kommun,Värmlands län
Mölndals kommun,Västra Götalands län
Mönsterås kommun,Kalmar län
Mörbylånga kommun,Kalmar län
Nacka kommun,Stockholms län
Nora kommun,Örebro län
Norbergs kommun,Västmanlands län
Nordanstigs kommun,Gävleborgs län
Nordmalings kommun,Västerbottens län
Norrköpings kommun,Östergötlands län
Norrtälje kommun,Stockholms län
Norsjö kommun,Västerbottens län
Nybro kommun,Kalmar län
Nykvarns kommun,Stockholms län
Nyköpings kommun,Södermanlands län
Nynäshamns kommun,Stockholms län
Nässjö kommun,Jönköpings län
Ockelbo kommun,Gävleborgs län
Olofströms kommun,Blekinge län
Orsa kommun,Dalarnas län
Orusts kommun,Västra Götalands län
Osby kommun,Skåne län
Oskarshamns kommun,Kalmar län
Ovanåkers kommun,Gävleborgs län
Oxelösunds kommun,Södermanlands län
Pajala kommun,Norrbottens län
Partille kommun,Västra Götalands län
Perstorps kommun,Skåne län
Piteå kommun,Norrbottens län
Ragunda kommun,Jämtlands län
Robertsfors kommun,Västerbottens län
Ronneby kommun,Blekinge län
Rättviks kommun,Dalarnas län
Sala kommun,Västmanlands län
Salems kommun,Stockholms län
Sandvikens kommun,Gävleborgs län
Sigtuna kommun,Stockholms län
Simrishamns kommun,Skåne län
Sjöbo kommun,Skåne län
Skara kommun,Västra Götalands län
Skellefteå kommun,Västerbottens län
Skinnskattebergs kommun,Västmanlands län
Skurups kommun,Skåne län
Skövde kommun,Västra Götalands län
Smedjebackens kommun,Dalarnas län
Sollefteå kommun,Västernorrlands län
Sollentuna kommun,Stockholms län
Solna kommun,Stockholms län
Sorsele kommun,Västerbottens län
Sotenäs kommun,Västra Götalands län
Staffanstorps kommun,Skåne län
Stenungsunds kommun,Västra Götalands län
Stockholms kommun,Stockholms län
Storfors kommun,Värmlands län
Storumans kommun,Västerbottens län
Strängnäs kommun,Södermanlands län
Strömstads kommun,Västra Götalands län
Strömsunds kommun,Jämtlands län
Sundbybergs kommun,Stockholms län
Sundsvalls kommun,Västernorrlands län
Sunne kommun,Värmlands län
Surahammars kommun,Västmanlands län
Svalövs kommun,Skåne län
Svedala kommun,Skåne län
Svenljunga kommun,Västra Götalands län
Säffle kommun,Värmlands län
Säters kommun,Dalarnas län
Sävsjö kommun,Jönköpings län
Söderhamns kommun,Gävleborgs län
Söderköpings kommun,Östergötlands län
Södertälje kommun,Stockholms län
Sölvesborgs kommun,Blekinge län
Tanums kommun,Västra Götalands län
Tibro kommun,Västra Götalands län
Tidaholms kommun,Västra Götalands län
Tierps kommun,Uppsala län
Timrå kommun,Västernorrlands län
Tingsryds kommun,Kronobergs län
Tjörns kommun,Västra Götalands län
Tomelilla kommun,Skåne län
Torsby kommun,Värmlands län
Torsås kommun,Kalmar län
Tranemo kommun,Västra Götalands län
Tranås kommun,Jönköpings län
Trelleborgs kommun,Skåne län
Trollhättans kommun,Västra Götalands län
Trosa kommun,Södermanlands län
Tyresö kommun,Stockholms län
Täby kommun,Stockholms län
Töreboda kommun,Västra Götalands län
Uddevalla kommun,Västra Götalands län
Ulricehamns kommun,Västra Götalands län
Umeå kommun,Västerbottens län
Upplands Väsby kommun,Stockholms län
Upplands-Bro kommun,Stockholms län
Uppsala kommun,Uppsala län
Uppvidinge kommun,Kronobergs län
Vadstena kommun,Östergötlands län
Vaggeryds kommun,Jönköpings län
Valdemarsviks kommun,Östergötlands län
Vallentuna kommun,Stockholms län
Vansbro kommun,Dalarnas län
Vara kommun,Västra Götalands län
Varbergs kommun,Hallands län
Vaxholms kommun,Stockholms län
Vellinge kommun,Skåne län
Vetlanda kommun,Jönköpings län
Vilhelmina kommun,Västerbottens län
Vimmerby kommun,Kalmar län
Vindelns kommun,Västerbottens län
Vingåkers kommun,Södermanlands län
Vårgårda kommun,Västra Götalands län
Vänersborgs kommun,Västra Götalands län
Vännäs kommun,Västerbottens län
Värmdö kommun,Stockholms län
Värnamo kommun,Jönköpings län
Västerviks kommun,Kalmar län
Västerås kommun,Västmanlands län
Växjö kommun,Kronobergs län
Ydre kommun,Östergötlands län
Ystads kommun,Skåne län
Åmåls kommun,Västra Götalands län
Ånge kommun,Västernorrlands län
Åre kommun,Jämtlands län
Årjängs kommun,Värmlands län
Åsele kommun,Västerbottens län
Åstorps kommun,Skåne län
Åtvidabergs kommun,Östergötlands län
Älmhults kommun,Kronobergs län
Älvdalens kommun,Dalarnas län
Älvkarleby kommun,Uppsala län
Älvsbyns kommun,Norrbottens län
Ängelholms kommun,Skåne län
Öckerö kommun,Västra Götalands län
Ödeshögs kommun,Östergötlands län
Örebro kommun,Örebro län
Örkelljunga kommun,Skåne län
Örnsköldsviks kommun,Västernorrlands län
Östersunds kommun,Jämtlands län
Österåkers kommun,Stockholms län
Östhammars kommun,Uppsala län
Östra Göinge kommun,Skåne län
Överkalix kommun,Norrbottens län
Övertorneå kommun,Norrbottens län
